{
  "IcoMoonType": "selection",
  "icons": [
    {
      "icon": {
        "paths": [
          "M358.286 310.857c0 4.571-2.286 9.714-5.714 13.143l-224.571 224.571 224.571 224.571c3.429 3.429 5.714 8.571 5.714 13.143s-2.286 9.714-5.714 13.143l-28.571 28.571c-3.429 3.429-8.571 5.714-13.143 5.714s-9.714-2.286-13.143-5.714l-266.286-266.286c-3.429-3.429-5.714-8.571-5.714-13.143s2.286-9.714 5.714-13.143l266.286-266.286c3.429-3.429 8.571-5.714 13.143-5.714s9.714 2.286 13.143 5.714l28.571 28.571c3.429 3.429 5.714 8 5.714 13.143z"
        ],
        "width": 384,
        "attrs": [],
        "isMulticolor": false,
        "isMulticolor2": false,
        "tags": [
          "angle-left"
        ],
        "defaultCode": 61700,
        "grid": 14
      },
      "attrs": [],
      "properties": {
        "name": "angle-left",
        "id": 233,
        "order": 7,
        "prevSize": 28,
        "code": 61700
      },
      "setIdx": 0,
      "setId": 0,
      "iconIdx": 233
    },
    {
      "icon": {
        "paths": [
          "M340 548.571c0 4.571-2.286 9.714-5.714 13.143l-266.286 266.286c-3.429 3.429-8.571 5.714-13.143 5.714s-9.714-2.286-13.143-5.714l-28.571-28.571c-3.429-3.429-5.714-8-5.714-13.143 0-4.571 2.286-9.714 5.714-13.143l224.571-224.571-224.571-224.571c-3.429-3.429-5.714-8.571-5.714-13.143s2.286-9.714 5.714-13.143l28.571-28.571c3.429-3.429 8.571-5.714 13.143-5.714s9.714 2.286 13.143 5.714l266.286 266.286c3.429 3.429 5.714 8.571 5.714 13.143z"
        ],
        "width": 347.4285714285714,
        "attrs": [],
        "isMulticolor": false,
        "isMulticolor2": false,
        "tags": [
          "angle-right"
        ],
        "defaultCode": 61701,
        "grid": 14
      },
      "attrs": [],
      "properties": {
        "name": "angle-right",
        "id": 234,
        "order": 6,
        "prevSize": 28,
        "code": 61701
      },
      "setIdx": 0,
      "setId": 0,
      "iconIdx": 234
    },
    {
      "icon": {
        "paths": [
          "M614.286 676.571c0 4.571-2.286 9.714-5.714 13.143l-28.571 28.571c-3.429 3.429-8 5.714-13.143 5.714-4.571 0-9.714-2.286-13.143-5.714l-224.571-224.571-224.571 224.571c-3.429 3.429-8.571 5.714-13.143 5.714s-9.714-2.286-13.143-5.714l-28.571-28.571c-3.429-3.429-5.714-8.571-5.714-13.143s2.286-9.714 5.714-13.143l266.286-266.286c3.429-3.429 8.571-5.714 13.143-5.714s9.714 2.286 13.143 5.714l266.286 266.286c3.429 3.429 5.714 8.571 5.714 13.143z"
        ],
        "width": 658.2857142857142,
        "attrs": [],
        "isMulticolor": false,
        "isMulticolor2": false,
        "tags": [
          "angle-up"
        ],
        "defaultCode": 61702,
        "grid": 14
      },
      "attrs": [],
      "properties": {
        "name": "angle-up",
        "id": 235,
        "order": 4,
        "prevSize": 28,
        "code": 61702
      },
      "setIdx": 0,
      "setId": 0,
      "iconIdx": 235
    },
    {
      "icon": {
        "paths": [
          "M614.286 420.571c0 4.571-2.286 9.714-5.714 13.143l-266.286 266.286c-3.429 3.429-8.571 5.714-13.143 5.714s-9.714-2.286-13.143-5.714l-266.286-266.286c-3.429-3.429-5.714-8.571-5.714-13.143s2.286-9.714 5.714-13.143l28.571-28.571c3.429-3.429 8-5.714 13.143-5.714 4.571 0 9.714 2.286 13.143 5.714l224.571 224.571 224.571-224.571c3.429-3.429 8.571-5.714 13.143-5.714s9.714 2.286 13.143 5.714l28.571 28.571c3.429 3.429 5.714 8.571 5.714 13.143z"
        ],
        "width": 658.2857142857142,
        "attrs": [],
        "isMulticolor": false,
        "isMulticolor2": false,
        "tags": [
          "angle-down"
        ],
        "defaultCode": 61703,
        "grid": 14
      },
      "attrs": [],
      "properties": {
        "name": "angle-down",
        "id": 236,
        "order": 5,
        "prevSize": 28,
        "code": 61703
      },
      "setIdx": 0,
      "setId": 0,
      "iconIdx": 236
    }
  ],
  "height": 1024,
  "metadata": {
    "name": "fontIconPicker",
    "url": "https://fonticonpicker.github.io",
    "designer": "FontAwesome",
    "designerURL": "https://fontawesome.com/l",
    "license": "Custom",
    "licenseURL": "https://fontawesome.com/license"
  },
  "preferences": {
    "showGlyphs": true,
    "showCodes": true,
    "showQuickUse": true,
    "showQuickUse2": true,
    "showSVGs": true,
    "fontPref": {
      "prefix": "fipicon-",
      "metadata": {
        "fontFamily": "fontIconPicker",
        "majorVersion": 1,
        "minorVersion": 0,
        "fontURL": "https://fonticonpicker.github.io",
        "description": "A lightweight iconpicker for the web. Both jQuery & React version available",
        "designer": "FontAwesome",
        "license": "Custom",
        "licenseURL": "https://fontawesome.com/license",
        "designerURL": "https://fontawesome.com/l",
        "copyright": "Swashata Ghosh"
      },
      "metrics": {
        "emSize": 1024,
        "baseline": 6.25,
        "whitespace": 50
      },
      "embed": false,
      "noie8": true,
      "ie7": false,
      "showSelector": true,
      "showMetrics": false,
      "showMetadata": true
    },
    "imagePref": {
      "prefix": "icon-",
      "png": true,
      "useClassSelector": true,
      "color": 0,
      "bgColor": 16777215
    },
    "historySize": 50
  }
}